Workbook

Sheet master
A1: Account | B1: bbgid | C1: name | D1: lei | E1: title | F1: cusip | G1: isin | H1: ticker | I1: invCountry | J1: assetCat | K1: issuerCat | L1: derivCat | M1: counterpartyName | N1: counterpartyLei | O1: putOrCall | P1: writtenOrPur | Q1: exercisePrice | R1: exercisePriceCurCd | S1: expDt | T1: delta | U1: refInstType | V1: refIndexName | W1: refIndexIdentifier | X1: swapFlag | Y1: terminationDt | Z1: notionalAmt | AA1: swapCurCd | AB1: unrealizedAppr | AC1: valUSD | AD1: pctVal | AE1: recFixedOrFloating | AF1: recDesc | AG1: pmntFixedOrFloating | AH1: pmntFloatingRtIndex | AI1: pmntFloatingRtSpread | AJ1: pmntPmntAmt | AK1: pmntCurCdLeg | AL1: pmntRateTenor | AM1: pmntRateUnit | AN1: refIssuerName | AO1: refIssueTitle | AP1: refCusip | AQ1: refIsin | AR1: refTicker | AS1: maturityDt | AT1: couponKind | AU1: annualizedRt | AV1: isDefault | AW1: areIntrstPmntsInArrs | AX1: isPaidKind | AY1: recFloatingRtIndex | AZ1: recFloatingRtSpread | BA1: recPmntAmt | BB1: recCurCd | BC1: recRateTenor | BD1: recRateUnit
A2: AV | B2: AER US Equity | C2: AerCap Holdings NV | D2: =IFERROR(IF(BDP($B2,"LEGAL_ENTITY_IDENTIFIER")="","549300SZYINBBLJQU475",BDP($B2,"LEGAL_ENTITY_IDENTIFIER")),"549300SZYINBBLJQU475") | E2: AerCap Holdings NV | F2: =LET(c,XLOOKUP($A2&"|"&$H2,custodian!$A:$A,custodian!$B:$B,"N/A"),IF(AND(LEFT(c,1)>="0",LEFT(c,1)<="9"),c,"N/A")) | G2: =IFERROR(IF(BDP($B2,"ID_ISIN")="","NL0000687663",BDP($B2,"ID_ISIN")),"NL0000687663") | H2: AER | I2: =IFERROR(IF(BDP($B2,"CNTRY_OF_DOMICILE")="","NL",BDP($B2,"CNTRY_OF_DOMICILE")),"NL") | J2: EC | K2: CORP
A3: AV | B3: ASR US Equity | C3: Grupo Aeroportuario del Surest | D3: =IFERROR(IF(BDP($B3,"LEGAL_ENTITY_IDENTIFIER")="","5299001W7JIDXCUOUC82",BDP($B3,"LEGAL_ENTITY_IDENTIFIER")),"5299001W7JIDXCUOUC82") | E3: Grupo Aeroportuario del Sureste SAB de CV | F3: =LET(c,XLOOKUP($A3&"|"&$H3,custodian!$A:$A,custodian!$B:$B,"N/A"),IF(AND(LEFT(c,1)>="0",LEFT(c,1)<="9"),c,"N/A")) | G3: =IFERROR(IF(BDP($B3,"ID_ISIN")="","US40051E2028",BDP($B3,"ID_ISIN")),"US40051E2028") | H3: ASR | I3: =IFERROR(IF(BDP($B3,"CNTRY_OF_DOMICILE")="","US",BDP($B3,"CNTRY_OF_DOMICILE")),"US") | J3: EC | K3: CORP
A4: AV | B4: BA US Equity | C4: Boeing Co/The | D4: =IFERROR(IF(BDP($B4,"LEGAL_ENTITY_IDENTIFIER")="","RVHJWBXLJ1RFUBSY1F30",BDP($B4,"LEGAL_ENTITY_IDENTIFIER")),"RVHJWBXLJ1RFUBSY1F30") | E4: Boeing Co/The | F4: =LET(c,XLOOKUP($A4&"|"&$H4,custodian!$A:$A,custodian!$B:$B,"N/A"),IF(AND(LEFT(c,1)>="0",LEFT(c,1)<="9"),c,"N/A")) | G4: =IFERROR(IF(BDP($B4,"ID_ISIN")="","US0970231058",BDP($B4,"ID_ISIN")),"US0970231058") | H4: BA | I4: =IFERROR(IF(BDP($B4,"CNTRY_OF_DOMICILE")="","US",BDP($B4,"CNTRY_OF_DOMICILE")),"US") | J4: EC | K4: CORP
A5: AV | B5: CPA US Equity | C5: Copa Holdings SA | D5: =IFERROR(IF(BDP($B5,"LEGAL_ENTITY_IDENTIFIER")="","529900BB9UQJV6QQHA59",BDP($B5,"LEGAL_ENTITY_IDENTIFIER")),"529900BB9UQJV6QQHA59") | E5: Copa Holdings SA | F5: =LET(c,XLOOKUP($A5&"|"&$H5,custodian!$A:$A,custodian!$B:$B,"N/A"),IF(AND(LEFT(c,1)>="0",LEFT(c,1)<="9"),c,"N/A")) | G5: =IFERROR(IF(BDP($B5,"ID_ISIN")="","PAP310761054",BDP($B5,"ID_ISIN")),"PAP310761054") | H5: CPA | I5: =IFERROR(IF(BDP($B5,"CNTRY_OF_DOMICILE")="","US",BDP($B5,"CNTRY_OF_DOMICILE")),"US") | J5: EC | K5: CORP
A6: AV | B6: FDXF US Equity | C6: Fedex Freight Holding Co Inc | D6: =IFERROR(IF(BDP($B6,"LEGAL_ENTITY_IDENTIFIER")="","984500Y1DA5A58ICE336",BDP($B6,"LEGAL_ENTITY_IDENTIFIER")),"984500Y1DA5A58ICE336") | E6: Fedex Freight Holding Co Inc | F6: =LET(c,XLOOKUP($A6&"|"&$H6,custodian!$A:$A,custodian!$B:$B,"N/A"),IF(AND(LEFT(c,1)>="0",LEFT(c,1)<="9"),c,"N/A")) | G6: =IFERROR(IF(BDP($B6,"ID_ISIN")="","",BDP($B6,"ID_ISIN")),"") | H6: FDXF | I6: =IFERROR(IF(BDP($B6,"CNTRY_OF_DOMICILE")="","US",BDP($B6,"CNTRY_OF_DOMICILE")),"US") | J6: EC | K6: CORP
A7: AV | B7: FTAI US Equity | C7: FTAI Aviation Ltd | D7: =IFERROR(IF(BDP($B7,"LEGAL_ENTITY_IDENTIFIER")="","N/A",BDP($B7,"LEGAL_ENTITY_IDENTIFIER")),"N/A") | E7: FTAI Aviation Ltd | F7: =LET(c,XLOOKUP($A7&"|"&$H7,custodian!$A:$A,custodian!$B:$B,"N/A"),IF(AND(LEFT(c,1)>="0",LEFT(c,1)<="9"),c,"N/A")) | G7: =IFERROR(IF(BDP($B7,"ID_ISIN")="","KYG3730V1059",BDP($B7,"ID_ISIN")),"KYG3730V1059") | H7: FTAI | I7: =IFERROR(IF(BDP($B7,"CNTRY_OF_DOMICILE")="","US",BDP($B7,"CNTRY_OF_DOMICILE")),"US") | J7: EC | K7: CORP
A8: AV | B8: LMT US Equity | C8: Lockheed Martin Corp | D8: =IFERROR(IF(BDP($B8,"LEGAL_ENTITY_IDENTIFIER")="","DPRBOZP0K5RM2YE8UU08",BDP($B8,"LEGAL_ENTITY_IDENTIFIER")),"DPRBOZP0K5RM2YE8UU08") | E8: Lockheed Martin Corp | F8: =LET(c,XLOOKUP($A8&"|"&$H8,custodian!$A:$A,custodian!$B:$B,"N/A"),IF(AND(LEFT(c,1)>="0",LEFT(c,1)<="9"),c,"N/A")) | G8: =IFERROR(IF(BDP($B8,"ID_ISIN")="","US5398301094",BDP($B8,"ID_ISIN")),"US5398301094") | H8: LMT | I8: =IFERROR(IF(BDP($B8,"CNTRY_OF_DOMICILE")="","US",BDP($B8,"CNTRY_OF_DOMICILE")),"US") | J8: EC | K8: CORP
A9: AV | B9: RYAAY US Equity | C9: Ryanair Holdings PLC | D9: =IFERROR(IF(BDP($B9,"LEGAL_ENTITY_IDENTIFIER")="","635400BR2ROC1FVEBQ56",BDP($B9,"LEGAL_ENTITY_IDENTIFIER")),"635400BR2ROC1FVEBQ56") | E9: Ryanair Holdings PLC | F9: =LET(c,XLOOKUP($A9&"|"&$H9,custodian!$A:$A,custodian!$B:$B,"N/A"),IF(AND(LEFT(c,1)>="0",LEFT(c,1)<="9"),c,"N/A")) | G9: =IFERROR(IF(BDP($B9,"ID_ISIN")="","US7835132033",BDP($B9,"ID_ISIN")),"US7835132033") | H9: RYAAY | I9: =IFERROR(IF(BDP($B9,"CNTRY_OF_DOMICILE")="","US",BDP($B9,"CNTRY_OF_DOMICILE")),"US") | J9: EC | K9: CORP
A10: BAY | B10: AMD US Equity | C10: Advanced Micro Devices Inc | D10: =IFERROR(IF(BDP($B10,"LEGAL_ENTITY_IDENTIFIER")="","N/A",BDP($B10,"LEGAL_ENTITY_IDENTIFIER")),"N/A") | E10: Advanced Micro Devices Inc | F10: =LET(c,XLOOKUP($A10&"|"&$H10,custodian!$A:$A,custodian!$B:$B,"N/A"),IF(AND(LEFT(c,1)>="0",LEFT(c,1)<="9"),c,"N/A")) | G10: =IFERROR(IF(BDP($B10,"ID_ISIN")="","",BDP($B10,"ID_ISIN")),"") | H10: AMD | I10: =IFERROR(IF(BDP($B10,"CNTRY_OF_DOMICILE")="","US",BDP($B10,"CNTRY_OF_DOMICILE")),"US") | J10: EC | K10: CORP
A11: BZZ | B11: BA US Equity | C11: Boeing Co/The | D11: =IFERROR(IF(BDP($B11,"LEGAL_ENTITY_IDENTIFIER")="","N/A",BDP($B11,"LEGAL_ENTITY_IDENTIFIER")),"N/A") | E11: Boeing Co/The | F11: =LET(c,XLOOKUP($A11&"|"&$H11,custodian!$A:$A,custodian!$B:$B,"N/A"),IF(AND(LEFT(c,1)>="0",LEFT(c,1)<="9"),c,"N/A")) | G11: =IFERROR(IF(BDP($B11,"ID_ISIN")="","",BDP($B11,"ID_ISIN")),"") | H11: BA | I11: =IFERROR(IF(BDP($B11,"CNTRY_OF_DOMICILE")="","US",BDP($B11,"CNTRY_OF_DOMICILE")),"US") | J11: EC | K11: CORP
A12: AV | C12: First American Government Obli | D12: 549300R5MYM6VZF1RM44 | E12: First American Government Obligations Fund | F12: 31846V336 | G12: US31846V3362 | H12: FGXXX | I12: US | J12: STIV | K12: RF
A13: BAY | C13: First American Government Obli | D13: 549300R5MYM6VZF1RM44 | E13: First American Government Obligations Fund | F13: 31846V336 | G13: US31846V3362 | H13: FGXXX | I13: US | J13: STIV | K13: RF
A14: CIEI | C14: United States Treasury Note/Bo | D14: 254900HROIFWPRGM1V77 | E14: United States Treasury Note/Bond 6.25% 05/15/2030 | F14: 912810FM5 | I14: US | J14: DBT | K14: UST
A15: CIEI | C15: United States Treasury Note/Bo | D15: 254900HROIFWPRGM1V77 | E15: United States Treasury Note/Bond 5.375% 02/15/2031 | F15: 912810FP8 | I15: US | J15: DBT | K15: UST
A16: CJUN | C16: SPY 05/28/2027 151.71 C | D16: N/A | E16: SPY 05/28/2027 151.71 C | F16: N/A | H16: SPY-C151.71-20270528 | I16: US | J16: DE | K16: CORP | L16: OPT | O16: Call | P16: Purchased | Q16: 151.71 | R16: USD | S16: 2027-05-28 | U16: indexBasket | V16: S&P 500 Index | W16: SPX
A17: CJUN | C17: SPY 05/28/2027 863.9 C | D17: N/A | E17: SPY 05/28/2027 863.9 C | F17: N/A | H17: SPY-C863.9-20270528 | I17: US | J17: DE | K17: CORP | L17: OPT | O17: Call | P17: Written | Q17: 863.9 | R17: USD | S17: 2027-05-28 | U17: indexBasket | V17: S&P 500 Index | W17: SPX
A18: BRZX | C18: N/A | D18: N/A | E18: ISHARES MSCI BRAZIL ETF-SWAP-CANT-L | F18: N/A | H18: 464286400-TRS-12/01/27-L-CANT | I18: US | J18: DE | K18: OTHER | L18: SWP | U18: otherRefInst | X18: Y | Y18: 2027-12-01 | AA18: USD | AN18: ISHARES MSCI BRAZIL ETF | AO18: ISHARES MSCI BRAZIL ETF | AP18: 464286400
A19: CCPX | C19: N/A | D19: N/A | E19: ISHARES CHINA LARGE-CAP ETF-SWAP-CANT-L | F19: N/A | H19: 464287184-TRS-12/01/27-L-CANT | I19: US | J19: DE | K19: OTHER | L19: SWP | U19: otherRefInst | X19: Y | Y19: 2027-12-01 | AA19: USD | AN19: ISHARES CHINA LARGE-CAP ETF | AO19: ISHARES CHINA LARGE-CAP ETF | AP19: 464287184

Sheet custodian
A1: key | B1: CUSIP
A2: AV|AAL | B2: 02376R102
A3: AV|AER | B3: N00985106
A4: AV|AIR | B4: 000361105
A5: AV|ALGT | B5: 01748X102
A6: AV|ALK | B6: 011659109
A7: AV|ASR | B7: 40051E202
A8: AV|ATI | B8: 01741R102
A9: AV|BA | B9: 097023105
A10: AV|CAE | B10: 124765108
A11: AV|CPA | B11: P31076105
A12: AV|CRS | B12: 144285103
... A1971: YUNG|XRAY | B1971: 24906P109
